{
  "timestamp": "2025-07-29T01:05:14.325323",
  "system_info": {
    "python_version": "3.13.3",
    "platform": "linux"
  },
  "results": {
    "Dosya Yapısı": {
      "success": true,
      "time": 7.009506225585938e-05
    },
    "Veritabanı Şeması": {
      "success": true,
      "time": 0.00035953521728515625
    },
    "API Route'ları": {
      "success": true,
      "time": 8.821487426757812e-05
    },
    "Controller Metodları": {
      "success": true,
      "time": 0.00012350082397460938
    },
    "Dokümantasyon": {
      "success": true,
      "time": 0.0002770423889160156
    },
    "Entegrasyon Konfigürasyonu": {
      "success": true,
      "time": 0.00018906593322753906
    },
    "Ana Uygulama Entegrasyonu": {
      "success": true,
      "time": 3.6716461181640625e-05
    }
  },
  "summary": {
    "total_tests": 7,
    "passed": 7,
    "failed": 0,
    "success_rate": 1.0,
    "total_time": 0.0011968612670898438
  }
}